"plant","vox_size","px_obs","skel_length_mm","vein_density_mm2","end_points","branch_points","areole_num","areole_mmsq"
"196","0.001399","12071795","121.207694247","5.1300654853","140","254",64,"1.03932461823"
"196","0.001399","12071795","121.207694247","5.1300654853","140","254",64,"0.847843815592"
"196","0.001399","12071795","121.207694247","5.1300654853","140","254",64,"0.672527536017"
"196","0.001399","12071795","121.207694247","5.1300654853","140","254",64,"0.562143356818"
"196","0.001399","12071795","121.207694247","5.1300654853","140","254",64,"0.50916584015"
"196","0.001399","12071795","121.207694247","5.1300654853","140","254",64,"0.506965946226"
"196","0.001399","12071795","121.207694247","5.1300654853","140","254",64,"0.467508774066"
"196","0.001399","12071795","121.207694247","5.1300654853","140","254",64,"0.465614203498"
"196","0.001399","12071795","121.207694247","5.1300654853","140","254",64,"0.41627708069"
"196","0.001399","12071795","121.207694247","5.1300654853","140","254",64,"0.406054619867"
"196","0.001399","12071795","121.207694247","5.1300654853","140","254",64,"0.393225167312"
"196","0.001399","12071795","121.207694247","5.1300654853","140","254",64,"0.36809079207"
"196","0.001399","12071795","121.207694247","5.1300654853","140","254",64,"0.315023244156"
"196","0.001399","12071795","121.207694247","5.1300654853","140","254",64,"0.31477663683"
"196","0.001399","12071795","121.207694247","5.1300654853","140","254",64,"0.307368631045"
"196","0.001399","12071795","121.207694247","5.1300654853","140","254",64,"0.292893172449"
"196","0.001399","12071795","121.207694247","5.1300654853","140","254",64,"0.290975115469"
"196","0.001399","12071795","121.207694247","5.1300654853","140","254",64,"0.280177237552"
"196","0.001399","12071795","121.207694247","5.1300654853","140","254",64,"0.279545061629"
"196","0.001399","12071795","121.207694247","5.1300654853","140","254",64,"0.278771967234"
"196","0.001399","12071795","121.207694247","5.1300654853","140","254",64,"0.278638877566"
"196","0.001399","12071795","121.207694247","5.1300654853","140","254",64,"0.255917731157"
"196","0.001399","12071795","121.207694247","5.1300654853","140","254",64,"0.247184700295"
"196","0.001399","12071795","121.207694247","5.1300654853","140","254",64,"0.244761685457"
"196","0.001399","12071795","121.207694247","5.1300654853","140","254",64,"0.244477891312"
"196","0.001399","12071795","121.207694247","5.1300654853","140","254",64,"0.240763123814"
"196","0.001399","12071795","121.207694247","5.1300654853","140","254",64,"0.240099632675"
"196","0.001399","12071795","121.207694247","5.1300654853","140","254",64,"0.233347289225"
"196","0.001399","12071795","121.207694247","5.1300654853","140","254",64,"0.228712637257"
"196","0.001399","12071795","121.207694247","5.1300654853","140","254",64,"0.223989911244"
"196","0.001399","12071795","121.207694247","5.1300654853","140","254",64,"0.215716822617"
"196","0.001399","12071795","121.207694247","5.1300654853","140","254",64,"0.213282064573"
"196","0.001399","12071795","121.207694247","5.1300654853","140","254",64,"0.21163214413"
"196","0.001399","12071795","121.207694247","5.1300654853","140","254",64,"0.208349918053"
"196","0.001399","12071795","121.207694247","5.1300654853","140","254",64,"0.208230528792"
"196","0.001399","12071795","121.207694247","5.1300654853","140","254",64,"0.20822661439"
"196","0.001399","12071795","121.207694247","5.1300654853","140","254",64,"0.191563005076"
"196","0.001399","12071795","121.207694247","5.1300654853","140","254",64,"0.191398600192"
"196","0.001399","12071795","121.207694247","5.1300654853","140","254",64,"0.187006641148"
"196","0.001399","12071795","121.207694247","5.1300654853","140","254",64,"0.178518260411"
"196","0.001399","12071795","121.207694247","5.1300654853","140","254",64,"0.163565244771"
"196","0.001399","12071795","121.207694247","5.1300654853","140","254",64,"0.162097344021"
"196","0.001399","12071795","121.207694247","5.1300654853","140","254",64,"0.149277677471"
"196","0.001399","12071795","121.207694247","5.1300654853","140","254",64,"0.148776634015"
"196","0.001399","12071795","121.207694247","5.1300654853","140","254",64,"0.137920040068"
"196","0.001399","12071795","121.207694247","5.1300654853","140","254",64,"0.134665214805"
"196","0.001399","12071795","121.207694247","5.1300654853","140","254",64,"0.132015164651"
"196","0.001399","12071795","121.207694247","5.1300654853","140","254",64,"0.131658954069"
"196","0.001399","12071795","121.207694247","5.1300654853","140","254",64,"0.129799613119"
"196","0.001399","12071795","121.207694247","5.1300654853","140","254",64,"0.125186490362"
"196","0.001399","12071795","121.207694247","5.1300654853","140","254",64,"0.116936888147"
"196","0.001399","12071795","121.207694247","5.1300654853","140","254",64,"0.115288924905"
"196","0.001399","12071795","121.207694247","5.1300654853","140","254",64,"0.113073373373"
"196","0.001399","12071795","121.207694247","5.1300654853","140","254",64,"0.097065426394"
"196","0.001399","12071795","121.207694247","5.1300654853","140","254",64,"0.091628322016"
"196","0.001399","12071795","121.207694247","5.1300654853","140","254",64,"0.089812039488"
"196","0.001399","12071795","121.207694247","5.1300654853","140","254",64,"0.08752602872"
"196","0.001399","12071795","121.207694247","5.1300654853","140","254",64,"0.085175430319"
"196","0.001399","12071795","121.207694247","5.1300654853","140","254",64,"0.082689785049"
"196","0.001399","12071795","121.207694247","5.1300654853","140","254",64,"0.081061393817"
"196","0.001399","12071795","121.207694247","5.1300654853","140","254",64,"0.072437966211"
"196","0.001399","12071795","121.207694247","5.1300654853","140","254",64,"0.052488216418"
"196","0.001399","12071795","121.207694247","5.1300654853","140","254",64,"0.049808808249"
"196","0.001399","12071795","121.207694247","5.1300654853","140","254",64,"0.028745411087"
"219","0.001399","12199360","189.193112258","7.92378795541","438","643",120,"0.491425770286"
"219","0.001399","12199360","189.193112258","7.92378795541","438","643",120,"0.430110577358"
"219","0.001399","12199360","189.193112258","7.92378795541","438","643",120,"0.385153670388"
"219","0.001399","12199360","189.193112258","7.92378795541","438","643",120,"0.334757701839"
"219","0.001399","12199360","189.193112258","7.92378795541","438","643",120,"0.31610753351"
"219","0.001399","12199360","189.193112258","7.92378795541","438","643",120,"0.311893679757"
"219","0.001399","12199360","189.193112258","7.92378795541","438","643",120,"0.306362629731"
"219","0.001399","12199360","189.193112258","7.92378795541","438","643",120,"0.30352273108"
"219","0.001399","12199360","189.193112258","7.92378795541","438","643",120,"0.302281865646"
"219","0.001399","12199360","189.193112258","7.92378795541","438","643",120,"0.290151133848"
"219","0.001399","12199360","189.193112258","7.92378795541","438","643",120,"0.280746783043"
"219","0.001399","12199360","189.193112258","7.92378795541","438","643",120,"0.278503830697"
"219","0.001399","12199360","189.193112258","7.92378795541","438","643",120,"0.276247177944"
"219","0.001399","12199360","189.193112258","7.92378795541","438","643",120,"0.273896579543"
"219","0.001399","12199360","189.193112258","7.92378795541","438","643",120,"0.273164586369"
"219","0.001399","12199360","189.193112258","7.92378795541","438","643",120,"0.26709922047"
"219","0.001399","12199360","189.193112258","7.92378795541","438","643",120,"0.257696826866"
"219","0.001399","12199360","189.193112258","7.92378795541","438","643",120,"0.257377803103"
"219","0.001399","12199360","189.193112258","7.92378795541","438","643",120,"0.243649995289"
"219","0.001399","12199360","189.193112258","7.92378795541","438","643",120,"0.242765340437"
"219","0.001399","12199360","189.193112258","7.92378795541","438","643",120,"0.234554882242"
"219","0.001399","12199360","189.193112258","7.92378795541","438","643",120,"0.230928188789"
"219","0.001399","12199360","189.193112258","7.92378795541","438","643",120,"0.228853555729"
"219","0.001399","12199360","189.193112258","7.92378795541","438","643",120,"0.224054498877"
"219","0.001399","12199360","189.193112258","7.92378795541","438","643",120,"0.220660712343"
"219","0.001399","12199360","189.193112258","7.92378795541","438","643",120,"0.218114393842"
"219","0.001399","12199360","189.193112258","7.92378795541","438","643",120,"0.214540544816"
"219","0.001399","12199360","189.193112258","7.92378795541","438","643",120,"0.212397409721"
"219","0.001399","12199360","189.193112258","7.92378795541","438","643",120,"0.210123142159"
"219","0.001399","12199360","189.193112258","7.92378795541","438","643",120,"0.202499844264"
"219","0.001399","12199360","189.193112258","7.92378795541","438","643",120,"0.190433700099"
"219","0.001399","12199360","189.193112258","7.92378795541","438","643",120,"0.190431742898"
"219","0.001399","12199360","189.193112258","7.92378795541","438","643",120,"0.188844452887"
"219","0.001399","12199360","189.193112258","7.92378795541","438","643",120,"0.186464496471"
"219","0.001399","12199360","189.193112258","7.92378795541","438","643",120,"0.182189969487"
"219","0.001399","12199360","189.193112258","7.92378795541","438","643",120,"0.176200934427"
"219","0.001399","12199360","189.193112258","7.92378795541","438","643",120,"0.173830764016"
"219","0.001399","12199360","189.193112258","7.92378795541","438","643",120,"0.168816415054"
"219","0.001399","12199360","189.193112258","7.92378795541","438","643",120,"0.1685150061"
"219","0.001399","12199360","189.193112258","7.92378795541","438","643",120,"0.160760575738"
"219","0.001399","12199360","189.193112258","7.92378795541","438","643",120,"0.16011861381"
"219","0.001399","12199360","189.193112258","7.92378795541","438","643",120,"0.159484480686"
"219","0.001399","12199360","189.193112258","7.92378795541","438","643",120,"0.145210613793"
"219","0.001399","12199360","189.193112258","7.92378795541","438","643",120,"0.144584309473"
"219","0.001399","12199360","189.193112258","7.92378795541","438","643",120,"0.140458529765"
"219","0.001399","12199360","189.193112258","7.92378795541","438","643",120,"0.13776737839"
"219","0.001399","12199360","189.193112258","7.92378795541","438","643",120,"0.136937525166"
"219","0.001399","12199360","189.193112258","7.92378795541","438","643",120,"0.133710100717"
"219","0.001399","12199360","189.193112258","7.92378795541","438","643",120,"0.131844888164"
"219","0.001399","12199360","189.193112258","7.92378795541","438","643",120,"0.131275342673"
"219","0.001399","12199360","189.193112258","7.92378795541","438","643",120,"0.129466888949"
"219","0.001399","12199360","189.193112258","7.92378795541","438","643",120,"0.126133775646"
"219","0.001399","12199360","189.193112258","7.92378795541","438","643",120,"0.12289265079"
"219","0.001399","12199360","189.193112258","7.92378795541","438","643",120,"0.122019739144"
"219","0.001399","12199360","189.193112258","7.92378795541","438","643",120,"0.11942840502"
"219","0.001399","12199360","189.193112258","7.92378795541","438","643",120,"0.11931097296"
"219","0.001399","12199360","189.193112258","7.92378795541","438","643",120,"0.116050276094"
"219","0.001399","12199360","189.193112258","7.92378795541","438","643",120,"0.115545318236"
"219","0.001399","12199360","189.193112258","7.92378795541","438","643",120,"0.114903356308"
"219","0.001399","12199360","189.193112258","7.92378795541","438","643",120,"0.114370997636"
"219","0.001399","12199360","189.193112258","7.92378795541","438","643",120,"0.110803020213"
"219","0.001399","12199360","189.193112258","7.92378795541","438","643",120,"0.106990392665"
"219","0.001399","12199360","189.193112258","7.92378795541","438","643",120,"0.103494831679"
"219","0.001399","12199360","189.193112258","7.92378795541","438","643",120,"0.100249792421"
"219","0.001399","12199360","189.193112258","7.92378795541","438","643",120,"0.095568167629"
"219","0.001399","12199360","189.193112258","7.92378795541","438","643",120,"0.094558251913"
"219","0.001399","12199360","189.193112258","7.92378795541","438","643",120,"0.093673597061"
"219","0.001399","12199360","189.193112258","7.92378795541","438","643",120,"0.093442647343"
"219","0.001399","12199360","189.193112258","7.92378795541","438","643",120,"0.091839699724"
"219","0.001399","12199360","189.193112258","7.92378795541","438","643",120,"0.08803490098"
"219","0.001399","12199360","189.193112258","7.92378795541","438","643",120,"0.084701787677"
"219","0.001399","12199360","189.193112258","7.92378795541","438","643",120,"0.084126370583"
"219","0.001399","12199360","189.193112258","7.92378795541","438","643",120,"0.083503980665"
"219","0.001399","12199360","189.193112258","7.92378795541","438","643",120,"0.082351189276"
"219","0.001399","12199360","189.193112258","7.92378795541","438","643",120,"0.079278383706"
"219","0.001399","12199360","189.193112258","7.92378795541","438","643",120,"0.078701009411"
"219","0.001399","12199360","189.193112258","7.92378795541","438","643",120,"0.07869905221"
"219","0.001399","12199360","189.193112258","7.92378795541","438","643",120,"0.077438614766"
"219","0.001399","12199360","189.193112258","7.92378795541","438","643",120,"0.076980629732"
"219","0.001399","12199360","189.193112258","7.92378795541","438","643",120,"0.075600803027"
"219","0.001399","12199360","189.193112258","7.92378795541","438","643",120,"0.074898167868"
"219","0.001399","12199360","189.193112258","7.92378795541","438","643",120,"0.074156388689"
"219","0.001399","12199360","189.193112258","7.92378795541","438","643",120,"0.07153569655"
"219","0.001399","12199360","189.193112258","7.92378795541","438","643",120,"0.06963721158"
"219","0.001399","12199360","189.193112258","7.92378795541","438","643",120,"0.067950104318"
"219","0.001399","12199360","189.193112258","7.92378795541","438","643",120,"0.067321842797"
"219","0.001399","12199360","189.193112258","7.92378795541","438","643",120,"0.06402004471"
"219","0.001399","12199360","189.193112258","7.92378795541","438","643",120,"0.059007652949"
"219","0.001399","12199360","189.193112258","7.92378795541","438","643",120,"0.058569239925"
"219","0.001399","12199360","189.193112258","7.92378795541","438","643",120,"0.058077982474"
"219","0.001399","12199360","189.193112258","7.92378795541","438","643",120,"0.052560632855"
"219","0.001399","12199360","189.193112258","7.92378795541","438","643",120,"0.047628486335"
"219","0.001399","12199360","189.193112258","7.92378795541","438","643",120,"0.042034805877"
"219","0.001399","12199360","189.193112258","7.92378795541","438","643",120,"0.040699994795"
"219","0.001399","12199360","189.193112258","7.92378795541","438","643",120,"0.032785073951"
"219","0.001399","12199360","189.193112258","7.92378795541","438","643",120,"0.032661770288"
"219","0.001399","12199360","189.193112258","7.92378795541","438","643",120,"0.029115322076"
"219","0.001399","12199360","189.193112258","7.92378795541","438","643",120,"0.029093792865"
"219","0.001399","12199360","189.193112258","7.92378795541","438","643",120,"0.028150421983"
"219","0.001399","12199360","189.193112258","7.92378795541","438","643",120,"0.025660862311"
"219","0.001399","12199360","189.193112258","7.92378795541","438","643",120,"0.0252478929"
"219","0.001399","12199360","189.193112258","7.92378795541","438","643",120,"0.024695962218"
"219","0.001399","12199360","189.193112258","7.92378795541","438","643",120,"0.020689571771"
"219","0.001399","12199360","189.193112258","7.92378795541","438","643",120,"0.018472063038"
"219","0.001399","12199360","189.193112258","7.92378795541","438","643",120,"0.01692978865"
"219","0.001399","12199360","189.193112258","7.92378795541","438","643",120,"0.014647692284"
"219","0.001399","12199360","189.193112258","7.92378795541","438","643",120,"0.009789919402"
"219","0.001399","12199360","189.193112258","7.92378795541","438","643",120,"0.000614561114"
"219","0.001399","12199360","189.193112258","7.92378795541","438","643",120,"0.000585203099"
"219","0.001399","12199360","189.193112258","7.92378795541","438","643",120,"0.00037186819"
"219","0.001399","12199360","189.193112258","7.92378795541","438","643",120,"0.000303366155"
"219","0.001399","12199360","189.193112258","7.92378795541","438","643",120,"0.000246607326"
"219","0.001399","12199360","189.193112258","7.92378795541","438","643",120,"0.000197677301"
"219","0.001399","12199360","189.193112258","7.92378795541","438","643",120,"0.000178105291"
"219","0.001399","12199360","189.193112258","7.92378795541","438","643",120,"0.00015657608"
"219","0.001399","12199360","189.193112258","7.92378795541","438","643",120,"0.000144832874"
"219","0.001399","12199360","189.193112258","7.92378795541","438","643",120,"0.000121346462"
"219","0.001399","12199360","189.193112258","7.92378795541","438","643",120,"0.000111560457"
"219","0.001399","12199360","189.193112258","7.92378795541","438","643",120,"0.000111560457"
"219","0.001399","12199360","189.193112258","7.92378795541","438","643",120,"0.000111560457"
"72","0.001399","6308715","112.271575741","9.09271294521","145","466",166,"0.25016943182"
"72","0.001399","6308715","112.271575741","9.09271294521","145","466",166,"0.200125759451"
"72","0.001399","6308715","112.271575741","9.09271294521","145","466",166,"0.17757684673"
"72","0.001399","6308715","112.271575741","9.09271294521","145","466",166,"0.167955246614"
"72","0.001399","6308715","112.271575741","9.09271294521","145","466",166,"0.152045159685"
"72","0.001399","6308715","112.271575741","9.09271294521","145","466",166,"0.147404636114"
"72","0.001399","6308715","112.271575741","9.09271294521","145","466",166,"0.142631022875"
"72","0.001399","6308715","112.271575741","9.09271294521","145","466",166,"0.140433086152"
"72","0.001399","6308715","112.271575741","9.09271294521","145","466",166,"0.138716620875"
"72","0.001399","6308715","112.271575741","9.09271294521","145","466",166,"0.126145518852"
"72","0.001399","6308715","112.271575741","9.09271294521","145","466",166,"0.122741946313"
"72","0.001399","6308715","112.271575741","9.09271294521","145","466",166,"0.121814233039"
"72","0.001399","6308715","112.271575741","9.09271294521","145","466",166,"0.116872300514"
"72","0.001399","6308715","112.271575741","9.09271294521","145","466",166,"0.116474988711"
"72","0.001399","6308715","112.271575741","9.09271294521","145","466",166,"0.11279349363"
"72","0.001399","6308715","112.271575741","9.09271294521","145","466",166,"0.11118858881"
"72","0.001399","6308715","112.271575741","9.09271294521","145","466",166,"0.106274057099"
"72","0.001399","6308715","112.271575741","9.09271294521","145","466",166,"0.104763097927"
"72","0.001399","6308715","112.271575741","9.09271294521","145","466",166,"0.104228782054"
"72","0.001399","6308715","112.271575741","9.09271294521","145","466",166,"0.101786195206"
"72","0.001399","6308715","112.271575741","9.09271294521","145","466",166,"0.101772494799"
"72","0.001399","6308715","112.271575741","9.09271294521","145","466",166,"0.101588517905"
"72","0.001399","6308715","112.271575741","9.09271294521","145","466",166,"0.100236092014"
"72","0.001399","6308715","112.271575741","9.09271294521","145","466",166,"0.099239876705"
"72","0.001399","6308715","112.271575741","9.09271294521","145","466",166,"0.098304334627"
"72","0.001399","6308715","112.271575741","9.09271294521","145","466",166,"0.097613442674"
"72","0.001399","6308715","112.271575741","9.09271294521","145","466",166,"0.096932336726"
"72","0.001399","6308715","112.271575741","9.09271294521","145","466",166,"0.095973308236"
"72","0.001399","6308715","112.271575741","9.09271294521","145","466",166,"0.094421247843"
"72","0.001399","6308715","112.271575741","9.09271294521","145","466",166,"0.09310405157"
"72","0.001399","6308715","112.271575741","9.09271294521","145","466",166,"0.092974876304"
"72","0.001399","6308715","112.271575741","9.09271294521","145","466",166,"0.091921902166"
"72","0.001399","6308715","112.271575741","9.09271294521","145","466",166,"0.090391370984"
"72","0.001399","6308715","112.271575741","9.09271294521","145","466",166,"0.087946826935"
"72","0.001399","6308715","112.271575741","9.09271294521","145","466",166,"0.087670861594"
"72","0.001399","6308715","112.271575741","9.09271294521","145","466",166,"0.086022898352"
"72","0.001399","6308715","112.271575741","9.09271294521","145","466",166,"0.085788034232"
"72","0.001399","6308715","112.271575741","9.09271294521","145","466",166,"0.084893593375"
"72","0.001399","6308715","112.271575741","9.09271294521","145","466",166,"0.083897378066"
"72","0.001399","6308715","112.271575741","9.09271294521","145","466",166,"0.083286731354"
"72","0.001399","6308715","112.271575741","9.09271294521","145","466",166,"0.082253329226"
"72","0.001399","6308715","112.271575741","9.09271294521","145","466",166,"0.081957791875"
"72","0.001399","6308715","112.271575741","9.09271294521","145","466",166,"0.080869588119"
"72","0.001399","6308715","112.271575741","9.09271294521","145","466",166,"0.078720581421"
"72","0.001399","6308715","112.271575741","9.09271294521","145","466",166,"0.077561918429"
"72","0.001399","6308715","112.271575741","9.09271294521","145","466",166,"0.077039345762"
"72","0.001399","6308715","112.271575741","9.09271294521","145","466",166,"0.075240678043"
"72","0.001399","6308715","112.271575741","9.09271294521","145","466",166,"0.07366904564"
"72","0.001399","6308715","112.271575741","9.09271294521","145","466",166,"0.073021212109"
"72","0.001399","6308715","112.271575741","9.09271294521","145","466",166,"0.071974109574"
"72","0.001399","6308715","112.271575741","9.09271294521","145","466",166,"0.07055709605"
"72","0.001399","6308715","112.271575741","9.09271294521","145","466",166,"0.070490551216"
"72","0.001399","6308715","112.271575741","9.09271294521","145","466",166,"0.07042009198"
"72","0.001399","6308715","112.271575741","9.09271294521","145","466",166,"0.070339846739"
"72","0.001399","6308715","112.271575741","9.09271294521","145","466",166,"0.070198928267"
"72","0.001399","6308715","112.271575741","9.09271294521","145","466",166,"0.070169570252"
"72","0.001399","6308715","112.271575741","9.09271294521","145","466",166,"0.069582409952"
"72","0.001399","6308715","112.271575741","9.09271294521","145","466",166,"0.068398303347"
"72","0.001399","6308715","112.271575741","9.09271294521","145","466",166,"0.066961717813"
"72","0.001399","6308715","112.271575741","9.09271294521","145","466",166,"0.066061405353"
"72","0.001399","6308715","112.271575741","9.09271294521","145","466",166,"0.065587762711"
"72","0.001399","6308715","112.271575741","9.09271294521","145","466",166,"0.065405743018"
"72","0.001399","6308715","112.271575741","9.09271294521","145","466",166,"0.065399871415"
"72","0.001399","6308715","112.271575741","9.09271294521","145","466",166,"0.065168921697"
"72","0.001399","6308715","112.271575741","9.09271294521","145","466",166,"0.06507693325"
"72","0.001399","6308715","112.271575741","9.09271294521","145","466",166,"0.064542617377"
"72","0.001399","6308715","112.271575741","9.09271294521","145","466",166,"0.063685363339"
"72","0.001399","6308715","112.271575741","9.09271294521","145","466",166,"0.062867253321"
"72","0.001399","6308715","112.271575741","9.09271294521","145","466",166,"0.062346637855"
"72","0.001399","6308715","112.271575741","9.09271294521","145","466",166,"0.061078371607"
"72","0.001399","6308715","112.271575741","9.09271294521","145","466",166,"0.061003997969"
"72","0.001399","6308715","112.271575741","9.09271294521","145","466",166,"0.060587114156"
"72","0.001399","6308715","112.271575741","9.09271294521","145","466",166,"0.060365950443"
"72","0.001399","6308715","112.271575741","9.09271294521","145","466",166,"0.060315063217"
"72","0.001399","6308715","112.271575741","9.09271294521","145","466",166,"0.060043012278"
"72","0.001399","6308715","112.271575741","9.09271294521","145","466",166,"0.059336462717"
"72","0.001399","6308715","112.271575741","9.09271294521","145","466",166,"0.059150528622"
"72","0.001399","6308715","112.271575741","9.09271294521","145","466",166,"0.059125085009"
"72","0.001399","6308715","112.271575741","9.09271294521","145","466",166,"0.05897046613"
"72","0.001399","6308715","112.271575741","9.09271294521","145","466",166,"0.05850073789"
"72","0.001399","6308715","112.271575741","9.09271294521","145","466",166,"0.058475294277"
"72","0.001399","6308715","112.271575741","9.09271294521","145","466",166,"0.057870519168"
"72","0.001399","6308715","112.271575741","9.09271294521","145","466",166,"0.05668054096"
"72","0.001399","6308715","112.271575741","9.09271294521","145","466",166,"0.056214727122"
"72","0.001399","6308715","112.271575741","9.09271294521","145","466",166,"0.055488605551"
"72","0.001399","6308715","112.271575741","9.09271294521","145","466",166,"0.054940589271"
"72","0.001399","6308715","112.271575741","9.09271294521","145","466",166,"0.052591948071"
"72","0.001399","6308715","112.271575741","9.09271294521","145","466",166,"0.050094559595"
"72","0.001399","6308715","112.271575741","9.09271294521","145","466",166,"0.050035843565"
"72","0.001399","6308715","112.271575741","9.09271294521","145","466",166,"0.049826423058"
"72","0.001399","6308715","112.271575741","9.09271294521","145","466",166,"0.049589601737"
"72","0.001399","6308715","112.271575741","9.09271294521","145","466",166,"0.049562200923"
"72","0.001399","6308715","112.271575741","9.09271294521","145","466",166,"0.049274492376"
"72","0.001399","6308715","112.271575741","9.09271294521","145","466",166,"0.048634487649"
"72","0.001399","6308715","112.271575741","9.09271294521","145","466",166,"0.048605129634"
"72","0.001399","6308715","112.271575741","9.09271294521","145","466",166,"0.047916194882"
"72","0.001399","6308715","112.271575741","9.09271294521","145","466",166,"0.04750126827"
"72","0.001399","6308715","112.271575741","9.09271294521","145","466",166,"0.047015882422"
"72","0.001399","6308715","112.271575741","9.09271294521","145","466",166,"0.045549938873"
"72","0.001399","6308715","112.271575741","9.09271294521","145","466",166,"0.044992136588"
"72","0.001399","6308715","112.271575741","9.09271294521","145","466",166,"0.044900148141"
"72","0.001399","6308715","112.271575741","9.09271294521","145","466",166,"0.044886447734"
"72","0.001399","6308715","112.271575741","9.09271294521","145","466",166,"0.044328645449"
"72","0.001399","6308715","112.271575741","9.09271294521","145","466",166,"0.043543807848"
"72","0.001399","6308715","112.271575741","9.09271294521","145","466",166,"0.042835301086"
"72","0.001399","6308715","112.271575741","9.09271294521","145","466",166,"0.042737441036"
"72","0.001399","6308715","112.271575741","9.09271294521","145","466",166,"0.042518234524"
"72","0.001399","6308715","112.271575741","9.09271294521","145","466",166,"0.042349915238"
"72","0.001399","6308715","112.271575741","9.09271294521","145","466",166,"0.041475046391"
"72","0.001399","6308715","112.271575741","9.09271294521","145","466",166,"0.040829170061"
"72","0.001399","6308715","112.271575741","9.09271294521","145","466",166,"0.039637234652"
"72","0.001399","6308715","112.271575741","9.09271294521","145","466",166,"0.0395354602"
"72","0.001399","6308715","112.271575741","9.09271294521","145","466",166,"0.039361269311"
"72","0.001399","6308715","112.271575741","9.09271294521","145","466",166,"0.039243837251"
"72","0.001399","6308715","112.271575741","9.09271294521","145","466",166,"0.039177292417"
"72","0.001399","6308715","112.271575741","9.09271294521","145","466",166,"0.039114661985"
"72","0.001399","6308715","112.271575741","9.09271294521","145","466",166,"0.038709521378"
"72","0.001399","6308715","112.271575741","9.09271294521","145","466",166,"0.038460956851"
"72","0.001399","6308715","112.271575741","9.09271294521","145","466",166,"0.036818865212"
"72","0.001399","6308715","112.271575741","9.09271294521","145","466",166,"0.035691517436"
"72","0.001399","6308715","112.271575741","9.09271294521","145","466",166,"0.034992796679"
"72","0.001399","6308715","112.271575741","9.09271294521","145","466",166,"0.034438908796"
"72","0.001399","6308715","112.271575741","9.09271294521","145","466",166,"0.034276461113"
"72","0.001399","6308715","112.271575741","9.09271294521","145","466",166,"0.034180558264"
"72","0.001399","6308715","112.271575741","9.09271294521","145","466",166,"0.03335070504"
"72","0.001399","6308715","112.271575741","9.09271294521","145","466",166,"0.033315475422"
"72","0.001399","6308715","112.271575741","9.09271294521","145","466",166,"0.033068868096"
"72","0.001399","6308715","112.271575741","9.09271294521","145","466",166,"0.031187997935"
"72","0.001399","6308715","112.271575741","9.09271294521","145","466",166,"0.02984731525"
"72","0.001399","6308715","112.271575741","9.09271294521","145","466",166,"0.029792513622"
"72","0.001399","6308715","112.271575741","9.09271294521","145","466",166,"0.028622107424"
"72","0.001399","6308715","112.271575741","9.09271294521","145","466",166,"0.027162035478"
"72","0.001399","6308715","112.271575741","9.09271294521","145","466",166,"0.027095490644"
"72","0.001399","6308715","112.271575741","9.09271294521","145","466",166,"0.02698980179"
"72","0.001399","6308715","112.271575741","9.09271294521","145","466",166,"0.026641420012"
"72","0.001399","6308715","112.271575741","9.09271294521","145","466",166,"0.025901598034"
"72","0.001399","6308715","112.271575741","9.09271294521","145","466",166,"0.025858539612"
"72","0.001399","6308715","112.271575741","9.09271294521","145","466",166,"0.025631504296"
"72","0.001399","6308715","112.271575741","9.09271294521","145","466",166,"0.025328138141"
"72","0.001399","6308715","112.271575741","9.09271294521","145","466",166,"0.02497388476"
"72","0.001399","6308715","112.271575741","9.09271294521","145","466",166,"0.024282992807"
"72","0.001399","6308715","112.271575741","9.09271294521","145","466",166,"0.023302435106"
"72","0.001399","6308715","112.271575741","9.09271294521","145","466",166,"0.022961882132"
"72","0.001399","6308715","112.271575741","9.09271294521","145","466",166,"0.020552567701"
"72","0.001399","6308715","112.271575741","9.09271294521","145","466",166,"0.020462536455"
"72","0.001399","6308715","112.271575741","9.09271294521","145","466",166,"0.020176785109"
"72","0.001399","6308715","112.271575741","9.09271294521","145","466",166,"0.019617025623"
"72","0.001399","6308715","112.271575741","9.09271294521","145","466",166,"0.019436963131"
"72","0.001399","6308715","112.271575741","9.09271294521","145","466",166,"0.018777386394"
"72","0.001399","6308715","112.271575741","9.09271294521","145","466",166,"0.017880988336"
"72","0.001399","6308715","112.271575741","9.09271294521","145","466",166,"0.017565878975"
"72","0.001399","6308715","112.271575741","9.09271294521","145","466",166,"0.017192053584"
"72","0.001399","6308715","112.271575741","9.09271294521","145","466",166,"0.016139079446"
"72","0.001399","6308715","112.271575741","9.09271294521","145","466",166,"0.015679137211"
"72","0.001399","6308715","112.271575741","9.09271294521","145","466",166,"0.015544090342"
"72","0.001399","6308715","112.271575741","9.09271294521","145","466",166,"0.012070058567"
"72","0.001399","6308715","112.271575741","9.09271294521","145","466",166,"0.010171573597"
"72","0.001399","6308715","112.271575741","9.09271294521","145","466",166,"0.009163615082"
"72","0.001399","6308715","112.271575741","9.09271294521","145","466",166,"0.005566279644"
"72","0.001399","6308715","112.271575741","9.09271294521","145","466",166,"0.000369910989"
"72","0.001399","6308715","112.271575741","9.09271294521","145","466",166,"0.000168319286"
"72","0.001399","6308715","112.271575741","9.09271294521","145","466",166,"0.000154618879"
"72","0.001399","6308715","112.271575741","9.09271294521","145","466",166,"0.000146790075"
"72","0.001399","6308715","112.271575741","9.09271294521","145","466",166,"0.000142875673"
"72","0.001399","6308715","112.271575741","9.09271294521","145","466",166,"0.000113517658"
"72","0.001399","6308715","112.271575741","9.09271294521","145","466",166,"0.000109603256"
